palabra;ocurrencia;noqueja;queja
completar;0;0.982248521;0.99408284
completar;1;0.017751479;0.00591716
spain;0;0.970414201;0.99408284
spain;1;0.029585799;0.00591716
vasco;0;0.98816568;0.99408284
vasco;1;0.01183432;0.00591716
vitoriagasteiz;0;0.887573964;0.905325444
vitoriagasteiz;1;0.112426036;0.094674556
asumir;0;0.99408284;0.98816568
asumir;1;0.00591716;0.01183432
contrato;0;0.99408284;0.982248521
contrato;1;0.00591716;0.017751479
directo;0;0.982248521;0.970414201
directo;1;0.017751479;0.029585799
empresa;0;0.98816568;0.976331361
empresa;1;0.01183432;0.023668639
escenario;0;0.98816568;0.99408284
escenario;1;0.01183432;0.00591716
gestion;0;0.98816568;0.970414201
gestion;1;0.01183432;0.029585799
haber;0;0.905325444;0.857988166
haber;1;0.094674556;0.142011834
limpieza;0;0.976331361;0.934911243
limpieza;1;0.023668639;0.065088757
nuevo;0;0.98816568;0.98816568
nuevo;1;0.01183432;0.01183432
posible;0;0.99408284;0.98816568
posible;1;0.00591716;0.01183432
seguir;0;0.946745562;0.958579882
seguir;1;0.053254438;0.041420118
cumplir;0;0.98816568;0.970414201
cumplir;1;0.01183432;0.029585799
europa;0;0.982248521;0.98816568
europa;1;0.017751479;0.01183432
gasteiz;0;0.905325444;0.98816568
gasteiz;1;0.094674556;0.01183432
gernika;0;0.976331361;0.99408284
gernika;1;0.023668639;0.00591716
hoy;0;0.940828402;0.976331361
hoy;1;0.059171598;0.023668639
jornada;0;0.982248521;0.99408284
jornada;1;0.017751479;0.00591716
ley;0;0.98816568;0.98816568
ley;1;0.01183432;0.01183432
ser;0;0.840236686;0.804733728
ser;1;0.159763314;0.195266272
autobus;0;0.982248521;0.946745562
autobus;1;0.017751479;0.053254438
entrar;0;0.970414201;0.934911243
entrar;1;0.029585799;0.065088757
vez;0;0.964497041;0.976331361
vez;1;0.035502959;0.023668639
concejal;0;0.99408284;0.98816568
concejal;1;0.00591716;0.01183432
sucio;0;0.98816568;0.98816568
sucio;1;0.01183432;0.01183432
vitoria;0;0.869822485;0.846153846
vitoria;1;0.130177515;0.153846154
ayuntamiento;0;0.976331361;0.946745562
ayuntamiento;1;0.023668639;0.053254438
hacer;0;0.970414201;0.928994083
hacer;1;0.029585799;0.071005917
olaguibel;0;0.99408284;0.98816568
olaguibel;1;0.00591716;0.01183432
parada;0;0.99408284;0.98816568
parada;1;0.00591716;0.01183432
tiempo;0;0.976331361;0.98816568
tiempo;1;0.023668639;0.01183432
unir;0;0.934911243;0.846153846
unir;1;0.065088757;0.153846154
dar;0;0.952662722;0.964497041
dar;1;0.047337278;0.035502959
tarde;0;0.982248521;0.98816568
tarde;1;0.017751479;0.01183432
tener;0;0.952662722;0.923076923
tener;1;0.047337278;0.076923077
ahora;0;0.964497041;0.98816568
ahora;1;0.035502959;0.01183432
contenedor;0;0.98816568;0.952662722
contenedor;1;0.01183432;0.047337278
viajar;0;0.98816568;0.99408284
viajar;1;0.01183432;0.00591716
año;0;0.958579882;0.982248521
año;1;0.041420118;0.017751479
colocar;0;0.99408284;0.98816568
colocar;1;0.00591716;0.01183432
mismo;0;0.982248521;0.982248521
mismo;1;0.017751479;0.017751479
parar;0;0.928994083;0.911242604
parar;1;0.071005917;0.088757396
problema;0;0.893491124;0.958579882
problema;1;0.106508876;0.041420118
riesgo;0;0.98816568;0.98816568
riesgo;1;0.01183432;0.01183432
sitio;0;0.98816568;0.976331361
sitio;1;0.01183432;0.023668639
volver;0;0.982248521;0.976331361
volver;1;0.017751479;0.023668639
miedo;0;0.99408284;0.982248521
miedo;1;0.00591716;0.017751479
preguntar;0;0.99408284;0.982248521
preguntar;1;0.00591716;0.017751479
servicio;0;0.982248521;0.934911243
servicio;1;0.017751479;0.065088757
ciclista;0;0.98816568;0.98816568
ciclista;1;0.01183432;0.01183432
coche;0;0.99408284;0.958579882
coche;1;0.00591716;0.041420118
huir;0;0.98816568;0.98816568
huir;1;0.01183432;0.01183432
tras;0;0.982248521;0.970414201
tras;1;0.017751479;0.029585799
alguien;0;0.98816568;0.98816568
alguien;1;0.01183432;0.01183432
basura;0;0.976331361;0.964497041
basura;1;0.023668639;0.035502959
ciudadano;0;0.99408284;0.98816568
ciudadano;1;0.00591716;0.01183432
duda;0;0.98816568;0.99408284
duda;1;0.01183432;0.00591716
partido;0;0.98816568;0.98816568
partido;1;0.01183432;0.01183432
podrir;0;0.99408284;0.98816568
podrir;1;0.00591716;0.01183432
respaldar;0;0.99408284;0.98816568
respaldar;1;0.00591716;0.01183432
atropellar;0;0.99408284;0.982248521
atropellar;1;0.00591716;0.017751479
bici;0;0.98816568;0.940828402
bici;1;0.01183432;0.059171598
dejar;0;0.99408284;0.958579882
dejar;1;0.00591716;0.041420118
distancia;0;0.99408284;0.982248521
distancia;1;0.00591716;0.017751479
podar;0;0.98816568;0.970414201
podar;1;0.01183432;0.029585799
salgar;0;0.98816568;0.98816568
salgar;1;0.01183432;0.01183432
siempre;0;0.98816568;0.982248521
siempre;1;0.01183432;0.017751479
aqui;0;0.976331361;0.99408284
aqui;1;0.023668639;0.00591716
avion;0;0.98816568;0.98816568
avion;1;0.01183432;0.01183432
enterar;0;0.982248521;0.99408284
enterar;1;0.017751479;0.00591716
salir;0;0.982248521;0.982248521
salir;1;0.017751479;0.017751479
arma;0;0.98816568;0.98816568
arma;1;0.01183432;0.01183432
ayuda;0;0.99408284;0.98816568
ayuda;1;0.00591716;0.01183432
blanco;0;0.98816568;0.976331361
blanco;1;0.01183432;0.023668639
conductor;0;0.99408284;0.982248521
conductor;1;0.00591716;0.017751479
local;0;0.99408284;0.976331361
local;1;0.00591716;0.023668639
policia;0;0.98816568;0.982248521
policia;1;0.01183432;0.017751479
tres;0;0.982248521;0.958579882
tres;1;0.017751479;0.041420118
vehiculo;0;0.99408284;0.976331361
vehiculo;1;0.00591716;0.023668639
doblar;0;0.99408284;0.98816568
doblar;1;0.00591716;0.01183432
figura;0;0.99408284;0.99408284
figura;1;0.00591716;0.00591716
tertulia;0;0.99408284;0.99408284
tertulia;1;0.00591716;0.00591716
olor;0;0.982248521;0.976331361
olor;1;0.017751479;0.023668639
poder;0;0.952662722;0.970414201
poder;1;0.047337278;0.029585799
venir;0;0.982248521;0.982248521
venir;1;0.017751479;0.017751479
contar;0;0.982248521;0.99408284
contar;1;0.017751479;0.00591716
decir;0;0.976331361;0.976331361
decir;1;0.023668639;0.023668639
punto;0;0.982248521;0.99408284
punto;1;0.017751479;0.00591716
ataque;0;0.982248521;0.99408284
ataque;1;0.017751479;0.00591716
dia;0;0.952662722;0.964497041
dia;1;0.047337278;0.035502959
gran;0;0.982248521;0.98816568
gran;1;0.017751479;0.01183432
morir;0;0.976331361;0.982248521
morir;1;0.023668639;0.017751479
cuando;0;0.99408284;0.98816568
cuando;1;0.00591716;0.01183432
gustar;0;0.99408284;0.99408284
gustar;1;0.00591716;0.00591716
pensar;0;0.982248521;0.982248521
pensar;1;0.017751479;0.017751479
saber;0;0.976331361;0.982248521
saber;1;0.023668639;0.017751479
semaforo;0;0.99408284;0.982248521
semaforo;1;0.00591716;0.017751479
green;0;0.98816568;0.958579882
green;1;0.01183432;0.041420118
semana;0;0.982248521;0.98816568
semana;1;0.017751479;0.01183432
ultimo;0;0.982248521;0.98816568
ultimo;1;0.017751479;0.01183432
contrata;0;0.99408284;0.982248521
contrata;1;0.00591716;0.017751479
mundial;0;0.99408284;0.98816568
mundial;1;0.00591716;0.01183432
urtaran;0;0.982248521;0.982248521
urtaran;1;0.017751479;0.017751479
humo;0;0.98816568;0.982248521
humo;1;0.01183432;0.017751479
madrugada;0;0.98816568;0.982248521
madrugada;1;0.01183432;0.017751479
palacio;0;0.98816568;0.982248521
palacio;1;0.01183432;0.017751479
acumulacion;0;0.99408284;0.982248521
acumulacion;1;0.00591716;0.017751479
jardin;0;0.99408284;0.976331361
jardin;1;0.00591716;0.023668639
salburua;0;0.98816568;0.982248521
salburua;1;0.01183432;0.017751479
suciedad;0;0.99408284;0.982248521
suciedad;1;0.00591716;0.017751479
calle;0;0.946745562;0.905325444
calle;1;0.053254438;0.094674556
florido;0;0.98816568;0.970414201
florido;1;0.01183432;0.029585799
triste;0;0.982248521;0.99408284
triste;1;0.017751479;0.00591716
verdad;0;0.98816568;0.98816568
verdad;1;0.01183432;0.01183432
abrir;0;0.99408284;0.982248521
abrir;1;0.00591716;0.017751479
centro;0;0.99408284;0.970414201
centro;1;0.00591716;0.029585799
civico;0;0.99408284;0.982248521
civico;1;0.00591716;0.017751479
querer;0;0.976331361;0.982248521
querer;1;0.023668639;0.017751479
alrededor;0;0.982248521;0.99408284
alrededor;1;0.017751479;0.00591716
capital;0;0.98816568;0.982248521
capital;1;0.01183432;0.017751479
ciudad;0;0.982248521;0.970414201
ciudad;1;0.017751479;0.029585799
fiesta;0;0.976331361;0.976331361
fiesta;1;0.023668639;0.023668639
alava;0;0.976331361;0.98816568
alava;1;0.023668639;0.01183432
edificio;0;0.99408284;0.982248521
edificio;1;0.00591716;0.017751479
pleno;0;0.99408284;0.98816568
pleno;1;0.00591716;0.01183432
cerrada;0;0.98816568;0.98816568
cerrada;1;0.01183432;0.01183432
mañana;0;0.964497041;0.970414201
mañana;1;0.035502959;0.029585799
ver;0;0.964497041;0.982248521
ver;1;0.035502959;0.017751479
foto;0;0.99408284;0.98816568
foto;1;0.00591716;0.01183432
retreta;0;0.99408284;0.99408284
retreta;1;0.00591716;0.00591716
contaminacion;0;0.99408284;0.982248521
contaminacion;1;0.00591716;0.017751479
gris;0;0.99408284;0.976331361
gris;1;0.00591716;0.023668639
romper;0;0.98816568;0.98816568
romper;1;0.01183432;0.01183432
zabalgana;0;0.99408284;0.982248521
zabalgana;1;0.00591716;0.017751479
baskonia;0;0.970414201;0.98816568
baskonia;1;0.029585799;0.01183432
borrar;0;0.982248521;0.99408284
borrar;1;0.017751479;0.00591716
bueno;0;0.958579882;0.982248521
bueno;1;0.041420118;0.017751479
comer;0;0.958579882;0.952662722
comer;1;0.041420118;0.047337278
hora;0;0.970414201;0.970414201
hora;1;0.029585799;0.029585799
luego;0;0.98816568;0.99408284
luego;1;0.01183432;0.00591716
pues;0;0.982248521;0.98816568
pues;1;0.017751479;0.01183432
carril;0;0.99408284;0.923076923
carril;1;0.00591716;0.076923077
ocupacion;0;0.99408284;0.928994083
ocupacion;1;0.00591716;0.071005917
colegio;0;0.99408284;0.976331361
colegio;1;0.00591716;0.023668639
entrada;0;0.98816568;0.98816568
entrada;1;0.01183432;0.01183432
koldo;0;0.99408284;0.98816568
koldo;1;0.00591716;0.01183432
mitxelena;0;0.99408284;0.98816568
mitxelena;1;0.00591716;0.01183432
poner;0;0.982248521;0.982248521
poner;1;0.017751479;0.017751479
pagina;0;0.98816568;0.982248521
pagina;1;0.01183432;0.017751479
solicitar;0;0.99408284;0.98816568
solicitar;1;0.00591716;0.01183432
valorar;0;0.98816568;0.98816568
valorar;1;0.01183432;0.01183432
mayo;0;0.964497041;0.98816568
mayo;1;0.035502959;0.01183432
castilla;0;0.99408284;0.98816568
castilla;1;0.00591716;0.01183432
deja;0;0.99408284;0.98816568
deja;1;0.00591716;0.01183432
minuto;0;0.99408284;0.99408284
minuto;1;0.00591716;0.00591716
fcc;0;0.99408284;0.982248521
fcc;1;0.00591716;0.017751479
rescindir;0;0.99408284;0.98816568
rescindir;1;0.00591716;0.01183432
cepo;0;0.99408284;0.976331361
cepo;1;0.00591716;0.023668639
elorriaga;0;0.99408284;0.982248521
elorriaga;1;0.00591716;0.017751479
huerta;0;0.99408284;0.976331361
huerta;1;0.00591716;0.023668639
ilegal;0;0.99408284;0.970414201
ilegal;1;0.00591716;0.029585799
instalar;0;0.99408284;0.976331361
instalar;1;0.00591716;0.023668639
zorro;0;0.99408284;0.970414201
zorro;1;0.00591716;0.029585799
increible;0;0.98816568;0.98816568
increible;1;0.01183432;0.01183432
puto;0;0.976331361;0.98816568
puto;1;0.023668639;0.01183432
robo;0;0.982248521;0.976331361
robo;1;0.017751479;0.023668639
pescado;0;0.99408284;0.98816568
pescado;1;0.00591716;0.01183432
sansomendi;0;0.99408284;0.98816568
sansomendi;1;0.00591716;0.01183432
beber;0;0.98816568;0.99408284
beber;1;0.01183432;0.00591716
niño;0;0.982248521;0.99408284
niño;1;0.017751479;0.00591716
barrio;0;0.98816568;0.982248521
barrio;1;0.01183432;0.017751479
cortar;0;0.98816568;0.98816568
cortar;1;0.01183432;0.01183432
parecer;0;0.982248521;0.976331361
parecer;1;0.017751479;0.023668639
pena;0;0.98816568;0.98816568
pena;1;0.01183432;0.01183432
declaracion;0;0.98816568;0.99408284
declaracion;1;0.01183432;0.00591716
espejo;0;0.99408284;0.99408284
espejo;1;0.00591716;0.00591716
falta;0;0.98816568;0.982248521
falta;1;0.01183432;0.017751479
frente;0;0.99408284;0.982248521
frente;1;0.00591716;0.017751479
durar;0;0.99408284;0.98816568
durar;1;0.00591716;0.01183432
radio;0;0.99408284;0.98816568
radio;1;0.00591716;0.01183432
accidente;0;0.976331361;0.976331361
accidente;1;0.023668639;0.023668639
herido;0;0.982248521;0.976331361
herido;1;0.017751479;0.023668639
lugar;0;0.99408284;0.98816568
lugar;1;0.00591716;0.01183432
tranvia;0;0.99408284;0.934911243
tranvia;1;0.00591716;0.065088757
trafico;0;0.976331361;0.946745562
trafico;1;0.023668639;0.053254438
turismo;0;0.99408284;0.964497041
turismo;1;0.00591716;0.035502959
asco;0;0.952662722;0.98816568
asco;1;0.047337278;0.01183432
baja;0;0.99408284;0.98816568
baja;1;0.00591716;0.01183432
beato;0;0.99408284;0.982248521
beato;1;0.00591716;0.017751479
cerca;0;0.99408284;0.982248521
cerca;1;0.00591716;0.017751479
corte;0;0.99408284;0.976331361
corte;1;0.00591716;0.023668639
tomas;0;0.99408284;0.982248521
tomas;1;0.00591716;0.017751479
zumarraga;0;0.99408284;0.982248521
zumarraga;1;0.00591716;0.017751479
sanprudencio;0;0.964497041;0.99408284
sanprudencio;1;0.035502959;0.00591716
evdia;0;0.970414201;0.99408284
evdia;1;0.029585799;0.00591716
llena;0;0.98816568;0.99408284
llena;1;0.01183432;0.00591716
sentido;0;0.98816568;0.98816568
sentido;1;0.01183432;0.01183432
vida;0;0.976331361;0.976331361
vida;1;0.023668639;0.023668639
frase;0;0.98816568;0.99408284
frase;1;0.01183432;0.00591716
ganado;0;0.98816568;0.99408284
ganado;1;0.01183432;0.00591716
gente;0;0.98816568;0.98816568
gente;1;0.01183432;0.01183432
perder;0;0.99408284;0.98816568
perder;1;0.00591716;0.01183432
derecho;0;0.98816568;0.976331361
derecho;1;0.01183432;0.023668639
violencia;0;0.976331361;0.98816568
violencia;1;0.023668639;0.01183432
agua;0;0.98816568;0.976331361
agua;1;0.01183432;0.023668639
final;0;0.982248521;0.98816568
final;1;0.017751479;0.01183432
rotonda;0;0.98816568;0.940828402
rotonda;1;0.01183432;0.059171598
bizikleteroak;0;0.99408284;0.98816568
bizikleteroak;1;0.00591716;0.01183432
situacion;0;0.99408284;0.982248521
situacion;1;0.00591716;0.017751479
como;0;0.99408284;0.98816568
como;1;0.00591716;0.01183432
publicar;0;0.99408284;0.99408284
publicar;1;0.00591716;0.00591716
twitter;0;0.99408284;0.99408284
twitter;1;0.00591716;0.00591716
arbitraje;0;0.982248521;0.99408284
arbitraje;1;0.017751479;0.00591716
favor;0;0.976331361;0.99408284
favor;1;0.023668639;0.00591716
grande;0;0.970414201;0.99408284
grande;1;0.029585799;0.00591716
robar;0;0.982248521;0.976331361
robar;1;0.017751479;0.023668639
aun;0;0.99408284;0.976331361
aun;1;0.00591716;0.023668639
señalar;0;0.98816568;0.99408284
señalar;1;0.01183432;0.00591716
zona;0;0.99408284;0.976331361
zona;1;0.00591716;0.023668639
llegar;0;0.98816568;0.970414201
llegar;1;0.01183432;0.029585799
cambiar;0;0.98816568;0.99408284
cambiar;1;0.01183432;0.00591716
prediccion;0;0.982248521;0.99408284
prediccion;1;0.017751479;0.00591716
esquina;0;0.99408284;0.98816568
esquina;1;0.00591716;0.01183432
informar;0;0.99408284;0.98816568
informar;1;0.00591716;0.01183432
bidegorri;0;0.99408284;0.982248521
bidegorri;1;0.00591716;0.017751479
carretera;0;0.99408284;0.982248521
carretera;1;0.00591716;0.017751479
paso;0;0.99408284;0.964497041
paso;1;0.00591716;0.035502959
buesa;0;0.98816568;0.98816568
buesa;1;0.01183432;0.01183432
derrota;0;0.98816568;0.99408284
derrota;1;0.01183432;0.00591716
victoria;0;0.982248521;0.99408284
victoria;1;0.017751479;0.00591716
visitante;0;0.98816568;0.98816568
visitante;1;0.01183432;0.01183432
debe;0;0.99408284;0.98816568
debe;1;0.00591716;0.01183432
decidir;0;0.98816568;0.99408284
decidir;1;0.01183432;0.00591716
limpia;0;0.98816568;0.99408284
limpia;1;0.01183432;0.00591716
trabajador;0;0.98816568;0.98816568
trabajador;1;0.01183432;0.01183432
deber;0;0.98816568;0.970414201
deber;1;0.01183432;0.029585799
exigir;0;0.99408284;0.976331361
exigir;1;0.00591716;0.023668639
iquest;0;0.99408284;0.98816568
iquest;1;0.00591716;0.01183432
menos;0;0.98816568;0.976331361
menos;1;0.01183432;0.023668639
ruido;0;0.99408284;0.964497041
ruido;1;0.00591716;0.035502959
anillo;0;0.99408284;0.98816568
anillo;1;0.00591716;0.01183432
papelera;0;0.99408284;0.982248521
papelera;1;0.00591716;0.017751479
rebosar;0;0.99408284;0.98816568
rebosar;1;0.00591716;0.01183432
verde;0;0.99408284;0.98816568
verde;1;0.00591716;0.01183432
queda;0;0.982248521;0.98816568
queda;1;0.017751479;0.01183432
solo;0;0.976331361;0.98816568
solo;1;0.023668639;0.01183432
descubrir;0;0.98816568;0.99408284
descubrir;1;0.01183432;0.00591716
paseo;0;0.99408284;0.982248521
paseo;1;0.00591716;0.017751479
rincon;0;0.99408284;0.99408284
rincon;1;0.00591716;0.00591716
escuchar;0;0.982248521;0.99408284
escuchar;1;0.017751479;0.00591716
rosa;0;0.99408284;0.98816568
rosa;1;0.00591716;0.01183432
salud;0;0.98816568;0.99408284
salud;1;0.01183432;0.00591716
buscar;0;0.982248521;0.99408284
buscar;1;0.017751479;0.00591716
dos;0;0.982248521;0.976331361
dos;1;0.017751479;0.023668639
hola;0;0.982248521;0.982248521
hola;1;0.017751479;0.017751479
marron;0;0.99408284;0.982248521
marron;1;0.00591716;0.017751479
eibar;0;0.99408284;0.98816568
eibar;1;0.00591716;0.01183432
signo;0;0.98816568;0.99408284
signo;1;0.01183432;0.00591716
conducir;0;0.99408284;0.982248521
conducir;1;0.00591716;0.017751479
necesitar;0;0.98816568;0.99408284
necesitar;1;0.01183432;0.00591716
actuar;0;0.99408284;0.99408284
actuar;1;0.00591716;0.00591716
lorelei;0;0.99408284;0.99408284
lorelei;1;0.00591716;0.00591716
viernes;0;0.99408284;0.99408284
viernes;1;0.00591716;0.00591716
innecesario;0;0.99408284;0.982248521
innecesario;1;0.00591716;0.017751479
pelea;0;0.970414201;0.99408284
pelea;1;0.029585799;0.00591716
izquierdo;0;0.99408284;0.964497041
izquierdo;1;0.00591716;0.035502959
intentar;0;0.982248521;0.98816568
intentar;1;0.017751479;0.01183432
panaderia;0;0.99408284;0.982248521
panaderia;1;0.00591716;0.017751479
urbano;0;0.99408284;0.982248521
urbano;1;0.00591716;0.017751479
visita;0;0.98816568;0.99408284
visita;1;0.01183432;0.00591716
comun;0;0.98816568;0.99408284
comun;1;0.01183432;0.00591716
movilidad;0;0.99408284;0.982248521
movilidad;1;0.00591716;0.017751479
parte;0;0.99408284;0.982248521
parte;1;0.00591716;0.017751479
solucion;0;0.98816568;0.98816568
solucion;1;0.01183432;0.01183432
madre;0;0.98816568;0.98816568
madre;1;0.01183432;0.01183432
nueva;0;0.958579882;0.98816568
nueva;1;0.041420118;0.01183432
vale;0;0.982248521;0.99408284
vale;1;0.017751479;0.00591716
presentar;0;0.976331361;0.98816568
presentar;1;0.023668639;0.01183432
viñedo;0;0.982248521;0.99408284
viñedo;1;0.017751479;0.00591716
acera;0;0.99408284;0.98816568
acera;1;0.00591716;0.01183432
comunicar;0;0.99408284;0.982248521
comunicar;1;0.00591716;0.017751479
encontrar;0;0.99408284;0.98816568
encontrar;1;0.00591716;0.01183432
mal;0;0.98816568;0.982248521
mal;1;0.01183432;0.017751479
actualizar;0;0.98816568;0.98816568
actualizar;1;0.01183432;0.01183432
laboral;0;0.982248521;0.99408284
laboral;1;0.017751479;0.00591716
plan;0;0.982248521;0.98816568
plan;1;0.017751479;0.01183432
copa;0;0.970414201;0.99408284
copa;1;0.029585799;0.00591716
programa;0;0.976331361;0.99408284
programa;1;0.023668639;0.00591716
llevar;0;0.98816568;0.982248521
llevar;1;0.01183432;0.017751479
messi;0;0.98816568;0.99408284
messi;1;0.01183432;0.00591716
esperar;0;0.98816568;0.982248521
esperar;1;0.01183432;0.017751479
pintar;0;0.99408284;0.982248521
pintar;1;0.00591716;0.017751479
plaza;0;0.98816568;0.970414201
plaza;1;0.01183432;0.029585799
armentia;0;0.982248521;0.98816568
armentia;1;0.017751479;0.01183432
detenido;0;0.99408284;0.982248521
detenido;1;0.00591716;0.017751479
baldosa;0;0.99408284;0.99408284
baldosa;1;0.00591716;0.00591716
hondura;0;0.99408284;0.98816568
hondura;1;0.00591716;0.01183432
piso;0;0.99408284;0.98816568
piso;1;0.00591716;0.01183432
salida;0;0.99408284;0.98816568
salida;1;0.00591716;0.01183432
bien;0;0.982248521;0.98816568
bien;1;0.017751479;0.01183432
zorionak;0;0.982248521;0.99408284
zorionak;1;0.017751479;0.00591716
mientras;0;0.98816568;0.99408284
mientras;1;0.01183432;0.00591716
acosar;0;0.99408284;0.982248521
acosar;1;0.00591716;0.017751479
joder;0;0.99408284;0.98816568
joder;1;0.00591716;0.01183432
sorprender;0;0.99408284;0.976331361
sorprender;1;0.00591716;0.023668639
talar;0;0.99408284;0.982248521
talar;1;0.00591716;0.017751479
arbol;0;0.99408284;0.982248521
arbol;1;0.00591716;0.017751479
saludo;0;0.982248521;0.99408284
saludo;1;0.017751479;0.00591716
mandar;0;0.982248521;0.99408284
mandar;1;0.017751479;0.00591716
obra;0;0.982248521;0.98816568
obra;1;0.017751479;0.01183432
estrategia;0;0.98816568;0.98816568
estrategia;1;0.01183432;0.01183432
obstaculo;0;0.99408284;0.98816568
obstaculo;1;0.00591716;0.01183432
tdah;0;0.98816568;0.99408284
tdah;1;0.01183432;0.00591716
joven;0;0.99408284;0.976331361
joven;1;0.00591716;0.023668639
cruzar;0;0.99408284;0.982248521
cruzar;1;0.00591716;0.017751479
mejorar;0;0.99408284;0.976331361
mejorar;1;0.00591716;0.023668639
peaton;0;0.99408284;0.982248521
peaton;1;0.00591716;0.017751479
portal;0;0.99408284;0.982248521
portal;1;0.00591716;0.017751479
proponer;0;0.99408284;0.98816568
proponer;1;0.00591716;0.01183432
seguridad;0;0.98816568;0.982248521
seguridad;1;0.01183432;0.017751479
via;0;0.99408284;0.98816568
via;1;0.00591716;0.01183432
gracia;0;0.976331361;0.99408284
gracia;1;0.023668639;0.00591716
pesar;0;0.99408284;0.976331361
pesar;1;0.00591716;0.023668639
tamborrada;0;0.982248521;0.99408284
tamborrada;1;0.017751479;0.00591716
equipo;0;0.982248521;0.99408284
equipo;1;0.017751479;0.00591716
puta;0;0.982248521;0.99408284
puta;1;0.017751479;0.00591716
suelo;0;0.98816568;0.99408284
suelo;1;0.01183432;0.00591716
vivo;0;0.98816568;0.98816568
vivo;1;0.01183432;0.01183432
traer;0;0.98816568;0.98816568
traer;1;0.01183432;0.01183432
cincar;0;0.982248521;0.99408284
cincar;1;0.017751479;0.00591716
ambiente;0;0.99408284;0.982248521
ambiente;1;0.00591716;0.017751479
prever;0;0.99408284;0.982248521
prever;1;0.00591716;0.017751479
arriurdina;0;0.99408284;0.98816568
arriurdina;1;0.00591716;0.01183432
jundiz;0;0.99408284;0.976331361
jundiz;1;0.00591716;0.023668639
comenzar;0;0.982248521;0.99408284
comenzar;1;0.017751479;0.00591716
inscripcion;0;0.982248521;0.99408284
inscripcion;1;0.017751479;0.00591716
prudencio;0;0.982248521;0.98816568
prudencio;1;0.017751479;0.01183432
santo;0;0.976331361;0.970414201
santo;1;0.023668639;0.029585799
hecho;0;0.99408284;0.982248521
hecho;1;0.00591716;0.017751479
color;0;0.98816568;0.98816568
color;1;0.01183432;0.01183432
bicicleta;0;0.98816568;0.982248521
bicicleta;1;0.01183432;0.017751479
euskadi;0;0.982248521;0.982248521
euskadi;1;0.017751479;0.017751479
mejor;0;0.982248521;0.99408284
mejor;1;0.017751479;0.00591716
camara;0;0.98816568;0.98816568
camara;1;0.01183432;0.01183432
estacion;0;0.99408284;0.982248521
estacion;1;0.00591716;0.017751479
curso;0;0.970414201;0.99408284
curso;1;0.029585799;0.00591716
instalacion;0;0.98816568;0.99408284
instalacion;1;0.01183432;0.00591716
alguno;0;0.976331361;0.976331361
alguno;1;0.023668639;0.023668639
medio;0;0.982248521;0.982248521
medio;1;0.017751479;0.017751479
salar;0;0.98816568;0.98816568
salar;1;0.01183432;0.01183432
abril;0;0.976331361;0.98816568
abril;1;0.023668639;0.01183432
generar;0;0.982248521;0.98816568
generar;1;0.017751479;0.01183432
jueves;0;0.98816568;0.98816568
jueves;1;0.01183432;0.01183432
homicidio;0;0.99408284;0.982248521
homicidio;1;0.00591716;0.017751479
intento;0;0.99408284;0.982248521
intento;1;0.00591716;0.017751479
menor;0;0.99408284;0.976331361
menor;1;0.00591716;0.023668639
america;0;0.99408284;0.982248521
america;1;0.00591716;0.017751479
bus;0;0.99408284;0.964497041
bus;1;0.00591716;0.035502959
latinar;0;0.99408284;0.982248521
latinar;1;0.00591716;0.017751479
nevar;0;0.976331361;0.99408284
nevar;1;0.023668639;0.00591716
vivir;0;0.982248521;0.99408284
vivir;1;0.017751479;0.00591716
asi;0;0.982248521;0.99408284
asi;1;0.017751479;0.00591716
gobierno;0;0.982248521;0.99408284
gobierno;1;0.017751479;0.00591716
video;0;0.976331361;0.98816568
video;1;0.023668639;0.01183432
encimar;0;0.99408284;0.98816568
encimar;1;0.00591716;0.01183432
atrapar;0;0.98816568;0.98816568
atrapar;1;0.01183432;0.01183432
callar;0;0.99408284;0.982248521
callar;1;0.00591716;0.017751479
existir;0;0.99408284;0.982248521
existir;1;0.00591716;0.017751479
publico;0;0.99408284;0.976331361
publico;1;0.00591716;0.023668639
alta;0;0.99408284;0.976331361
alta;1;0.00591716;0.023668639
cada;0;0.98816568;0.98816568
cada;1;0.01183432;0.01183432
peor;0;0.98816568;0.98816568
peor;1;0.01183432;0.01183432
ficcion;0;0.98816568;0.99408284
ficcion;1;0.01183432;0.00591716
vengar;0;0.99408284;0.98816568
vengar;1;0.00591716;0.01183432
litro;0;0.99408284;0.982248521
litro;1;0.00591716;0.017751479
recorrer;0;0.98816568;0.98816568
recorrer;1;0.01183432;0.01183432
campaña;0;0.976331361;0.99408284
campaña;1;0.023668639;0.00591716
dgt;0;0.98816568;0.98816568
dgt;1;0.01183432;0.01183432
almendra;0;0.98816568;0.99408284
almendra;1;0.01183432;0.00591716
medieval;0;0.98816568;0.98816568
medieval;1;0.01183432;0.01183432
calidad;0;0.98816568;0.98816568
calidad;1;0.01183432;0.01183432
transporte;0;0.99408284;0.98816568
transporte;1;0.00591716;0.01183432
espacio;0;0.98816568;0.98816568
espacio;1;0.01183432;0.01183432
viejo;0;0.99408284;0.98816568
viejo;1;0.00591716;0.01183432
pasado;0;0.99408284;0.982248521
pasado;1;0.00591716;0.017751479
tal;0;0.99408284;0.98816568
tal;1;0.00591716;0.01183432
verano;0;0.99408284;0.982248521
verano;1;0.00591716;0.017751479
rata;0;0.99408284;0.982248521
rata;1;0.00591716;0.017751479
cliente;0;0.99408284;0.98816568
cliente;1;0.00591716;0.01183432
evitar;0;0.99408284;0.982248521
evitar;1;0.00591716;0.017751479
vecino;0;0.99408284;0.976331361
vecino;1;0.00591716;0.023668639
ahorrar;0;0.98816568;0.982248521
ahorrar;1;0.01183432;0.017751479
coste;0;0.99408284;0.982248521
coste;1;0.00591716;0.017751479
bildu;0;0.99408284;0.982248521
bildu;1;0.00591716;0.017751479
irabazi;0;0.99408284;0.982248521
irabazi;1;0.00591716;0.017751479
pedir;0;0.99408284;0.982248521
pedir;1;0.00591716;0.017751479
suponer;0;0.982248521;0.99408284
suponer;1;0.017751479;0.00591716
tuvisa;0;0.982248521;0.99408284
tuvisa;1;0.017751479;0.00591716
foronda;0;0.99408284;0.976331361
foronda;1;0.00591716;0.023668639
pequeño;0;0.99408284;0.98816568
pequeño;1;0.00591716;0.01183432
casco;0;0.99408284;0.98816568
casco;1;0.00591716;0.01183432
llama;0;0.98816568;0.98816568
llama;1;0.01183432;0.01183432
resto;0;0.99408284;0.976331361
resto;1;0.00591716;0.023668639
sala;0;0.99408284;0.98816568
sala;1;0.00591716;0.01183432
cantidad;0;0.99408284;0.98816568
cantidad;1;0.00591716;0.01183432
viaje;0;0.99408284;0.98816568
viaje;1;0.00591716;0.01183432
palabra;0;0.98816568;0.99408284
palabra;1;0.01183432;0.00591716
cuerda;0;0.99408284;0.99408284
cuerda;1;0.00591716;0.00591716
haberse;0;0.99408284;0.99408284
haberse;1;0.00591716;0.00591716
lovaina;0;0.99408284;0.98816568
lovaina;1;0.00591716;0.01183432
plataforma;0;0.99408284;0.98816568
plataforma;1;0.00591716;0.01183432
quedar;0;0.99408284;0.99408284
quedar;1;0.00591716;0.00591716
respecto;0;0.98816568;0.98816568
respecto;1;0.01183432;0.01183432
despues;0;0.982248521;0.99408284
despues;1;0.017751479;0.00591716
acordar;0;0.98816568;0.98816568
acordar;1;0.01183432;0.01183432
civico;0;0.99408284;0.98816568
civico;1;0.00591716;0.01183432
tirar;0;0.99408284;0.98816568
tirar;1;0.00591716;0.01183432
mes;0;0.98816568;0.98816568
mes;1;0.01183432;0.01183432
numero;0;0.99408284;0.970414201
numero;1;0.00591716;0.029585799
producto;0;0.98816568;0.98816568
producto;1;0.01183432;0.01183432
abetxuko;0;0.99408284;0.98816568
abetxuko;1;0.00591716;0.01183432
puntual;0;0.99408284;0.976331361
puntual;1;0.00591716;0.023668639
vino;0;0.98816568;0.99408284
vino;1;0.01183432;0.00591716
precio;0;0.982248521;0.99408284
precio;1;0.017751479;0.00591716
joventut;0;0.976331361;0.99408284
joventut;1;0.023668639;0.00591716
aparcabicis;0;0.99408284;0.976331361
aparcabicis;1;0.00591716;0.023668639
pendiente;0;0.99408284;0.982248521
pendiente;1;0.00591716;0.017751479
tarea;0;0.99408284;0.982248521
tarea;1;0.00591716;0.017751479
dindon;0;0.98816568;0.99408284
dindon;1;0.01183432;0.00591716
donar;0;0.982248521;0.99408284
donar;1;0.017751479;0.00591716
ninguno;0;0.98816568;0.98816568
ninguno;1;0.01183432;0.01183432
campo;0;0.99408284;0.982248521
campo;1;0.00591716;0.017751479
colocacion;0;0.982248521;0.99408284
colocacion;1;0.017751479;0.00591716
impulsar;0;0.982248521;0.99408284
impulsar;1;0.017751479;0.00591716
led;0;0.982248521;0.99408284
led;1;0.017751479;0.00591716
luminaria;0;0.982248521;0.99408284
luminaria;1;0.017751479;0.00591716
permitir;0;0.982248521;0.99408284
permitir;1;0.017751479;0.00591716
metro;0;0.99408284;0.98816568
metro;1;0.00591716;0.01183432
cerrar;0;0.99408284;0.98816568
cerrar;1;0.00591716;0.01183432
odio;0;0.99408284;0.98816568
odio;1;0.00591716;0.01183432
persona;0;0.99408284;0.99408284
persona;1;0.00591716;0.00591716
avda;0;0.99408284;0.99408284
avda;1;0.00591716;0.00591716
cazar;0;0.98816568;0.98816568
cazar;1;0.01183432;0.01183432
lol;0;0.98816568;0.98816568
lol;1;0.01183432;0.01183432
subir;0;0.98816568;0.98816568
subir;1;0.01183432;0.01183432
catedral;0;0.99408284;0.98816568
catedral;1;0.00591716;0.01183432
miercoles;0;0.982248521;0.99408284
miercoles;1;0.017751479;0.00591716
entonces;0;0.982248521;0.99408284
entonces;1;0.017751479;0.00591716
cuenta;0;0.98816568;0.98816568
cuenta;1;0.01183432;0.01183432
sumidero;0;0.99408284;0.98816568
sumidero;1;0.00591716;0.01183432
terminar;0;0.99408284;0.982248521
terminar;1;0.00591716;0.017751479
usar;0;0.98816568;0.982248521
usar;1;0.01183432;0.017751479
forma;0;0.98816568;0.99408284
forma;1;0.01183432;0.00591716
gato;0;0.99408284;0.982248521
gato;1;0.00591716;0.017751479
paloma;0;0.99408284;0.98816568
paloma;1;0.00591716;0.01183432
avisar;0;0.99408284;0.98816568
avisar;1;0.00591716;0.01183432
casi;0;0.982248521;0.98816568
casi;1;0.017751479;0.01183432
primero;0;0.98816568;0.98816568
primero;1;0.01183432;0.01183432
sonar;0;0.98816568;0.99408284
sonar;1;0.01183432;0.00591716
tun;0;0.99408284;0.99408284
tun;1;0.00591716;0.00591716
google;0;0.98816568;0.99408284
google;1;0.01183432;0.00591716
bilbao;0;0.99408284;0.99408284
bilbao;1;0.00591716;0.00591716
leioa;0;0.99408284;0.98816568
leioa;1;0.00591716;0.01183432
domingo;0;0.98816568;0.98816568
domingo;1;0.01183432;0.01183432
detener;0;0.99408284;0.982248521
detener;1;0.00591716;0.017751479
altura;0;0.99408284;0.98816568
altura;1;0.00591716;0.01183432
tirado;0;0.98816568;0.98816568
tirado;1;0.01183432;0.01183432
flandes;0;0.99408284;0.982248521
flandes;1;0.00591716;0.017751479
tardar;0;0.99408284;0.982248521
tardar;1;0.00591716;0.017751479
accidentar;0;0.98816568;0.982248521
accidentar;1;0.01183432;0.017751479
dgtaraba;0;0.99408284;0.98816568
dgtaraba;1;0.00591716;0.01183432
nivel;0;0.99408284;0.98816568
nivel;1;0.00591716;0.01183432
rojo;0;0.99408284;0.98816568
rojo;1;0.00591716;0.01183432
sangre;0;0.98816568;0.98816568
sangre;1;0.01183432;0.01183432
olvidar;0;0.99408284;0.98816568
olvidar;1;0.00591716;0.01183432
poesia;0;0.98816568;0.99408284
poesia;1;0.01183432;0.00591716
invento;0;0.98816568;0.99408284
invento;1;0.01183432;0.00591716
