palabra;ocurrencia;administracion;delincuencia;espaciopublico;limpieza;movilidad
apriori;NA;0.12;0.14;0.14;0.24;0.36
bicicleta;0;0.954545454545455;0.923076923076923;0.96;0.976744186046512;0.983333333333333
bicicleta;1;0.0454545454545455;0.0769230769230769;0.04;0.0232558139534884;0.0166666666666667
calle;0;0.954545454545455;0.884615384615385;0.88;0.837209302325581;0.866666666666667
calle;1;0.0454545454545455;0.115384615384615;0.12;0.162790697674419;0.133333333333333
dejar;0;0.954545454545455;0.961538461538462;0.92;0.953488372093023;0.933333333333333
dejar;1;0.0454545454545455;0.0384615384615385;0.08;0.0465116279069767;0.0666666666666667
litro;0;0.954545454545455;0.923076923076923;0.96;0.976744186046512;0.983333333333333
litro;1;0.0454545454545455;0.0769230769230769;0.04;0.0232558139534884;0.0166666666666667
poder;0;0.909090909090909;0.961538461538462;0.96;0.953488372093023;0.933333333333333
poder;1;0.0909090909090909;0.0384615384615385;0.04;0.0465116279069767;0.0666666666666667
santo;0;0.954545454545455;0.961538461538462;0.96;0.976744186046512;0.966666666666667
santo;1;0.0454545454545455;0.0384615384615385;0.04;0.0232558139534884;0.0333333333333333
ser;0;0.818181818181818;0.884615384615385;0.76;0.883720930232558;0.716666666666667
ser;1;0.181818181818182;0.115384615384615;0.24;0.116279069767442;0.283333333333333
tener;0;0.863636363636364;0.923076923076923;0.84;0.953488372093023;0.9
tener;1;0.136363636363636;0.0769230769230769;0.16;0.0465116279069767;0.1
agua;0;0.954545454545455;0.961538461538462;0.92;0.976744186046512;0.983333333333333
agua;1;0.0454545454545455;0.0384615384615385;0.08;0.0232558139534884;0.0166666666666667
frente;0;0.954545454545455;0.961538461538462;0.84;0.976744186046512;0.966666666666667
frente;1;0.0454545454545455;0.0384615384615385;0.16;0.0232558139534884;0.0333333333333333
hacer;0;0.954545454545455;0.961538461538462;0.92;0.883720930232558;0.95
hacer;1;0.0454545454545455;0.0384615384615385;0.08;0.116279069767442;0.05
tiempo;0;0.954545454545455;0.961538461538462;0.92;0.976744186046512;0.983333333333333
tiempo;1;0.0454545454545455;0.0384615384615385;0.08;0.0232558139534884;0.0166666666666667
castilla;0;0.954545454545455;0.961538461538462;0.92;0.976744186046512;0.966666666666667
castilla;1;0.0454545454545455;0.0384615384615385;0.08;0.0232558139534884;0.0333333333333333
entrar;0;0.954545454545455;0.961538461538462;0.92;0.976744186046512;0.9
entrar;1;0.0454545454545455;0.0384615384615385;0.08;0.0232558139534884;0.1
haber;0;0.954545454545455;0.884615384615385;0.6;0.767441860465116;0.866666666666667
haber;1;0.0454545454545455;0.115384615384615;0.4;0.232558139534884;0.133333333333333
portal;0;0.954545454545455;0.961538461538462;0.88;0.976744186046512;0.95
portal;1;0.0454545454545455;0.0384615384615385;0.12;0.0232558139534884;0.05
rotonda;0;0.954545454545455;0.961538461538462;0.92;0.976744186046512;0.9
rotonda;1;0.0454545454545455;0.0384615384615385;0.08;0.0232558139534884;0.1
sumidero;0;0.954545454545455;0.961538461538462;0.88;0.976744186046512;0.983333333333333
sumidero;1;0.0454545454545455;0.0384615384615385;0.12;0.0232558139534884;0.0166666666666667
unir;0;0.863636363636364;0.653846153846154;0.8;0.86046511627907;0.8
unir;1;0.136363636363636;0.346153846153846;0.2;0.13953488372093;0.2
venir;0;0.954545454545455;0.961538461538462;0.92;0.953488372093023;0.983333333333333
venir;1;0.0454545454545455;0.0384615384615385;0.08;0.0465116279069767;0.0166666666666667
coche;0;0.954545454545455;0.923076923076923;0.96;0.953488372093023;0.916666666666667
coche;1;0.0454545454545455;0.0769230769230769;0.04;0.0465116279069767;0.0833333333333333
contaminación;0;0.954545454545455;0.961538461538462;0.96;0.953488372093023;0.983333333333333
contaminación;1;0.0454545454545455;0.0384615384615385;0.04;0.0465116279069767;0.0166666666666667
dar;0;0.909090909090909;0.923076923076923;0.96;0.906976744186046;0.933333333333333
dar;1;0.0909090909090909;0.0769230769230769;0.04;0.0930232558139535;0.0666666666666667
decir;0;0.954545454545455;0.961538461538462;0.96;0.953488372093023;0.933333333333333
decir;1;0.0454545454545455;0.0384615384615385;0.04;0.0465116279069767;0.0666666666666667
parar;0;0.818181818181818;0.961538461538462;0.92;0.837209302325581;0.9
parar;1;0.181818181818182;0.0384615384615385;0.08;0.162790697674419;0.1
problema;0;0.954545454545455;0.961538461538462;0.8;0.953488372093023;0.966666666666667
problema;1;0.0454545454545455;0.0384615384615385;0.2;0.0465116279069767;0.0333333333333333
sitio;0;0.954545454545455;0.961538461538462;0.92;0.930232558139535;0.983333333333333
sitio;1;0.0454545454545455;0.0384615384615385;0.08;0.0697674418604651;0.0166666666666667
volver;0;0.954545454545455;0.961538461538462;0.88;0.953488372093023;0.983333333333333
volver;1;0.0454545454545455;0.0384615384615385;0.12;0.0465116279069767;0.0166666666666667
día;0;0.909090909090909;0.923076923076923;0.92;0.953488372093023;0.966666666666667
día;1;0.0909090909090909;0.0769230769230769;0.08;0.0465116279069767;0.0333333333333333
aun;0;0.909090909090909;0.961538461538462;0.96;0.930232558139535;0.966666666666667
aun;1;0.0909090909090909;0.0384615384615385;0.04;0.0697674418604651;0.0333333333333333
llegar;0;0.954545454545455;0.961538461538462;0.96;0.953488372093023;0.95
llegar;1;0.0454545454545455;0.0384615384615385;0.04;0.0465116279069767;0.05
contenedor;0;0.909090909090909;0.923076923076923;0.92;0.837209302325581;0.983333333333333
contenedor;1;0.0909090909090909;0.0769230769230769;0.08;0.162790697674419;0.0166666666666667
humo;0;0.909090909090909;0.961538461538462;0.92;0.976744186046512;0.983333333333333
humo;1;0.0909090909090909;0.0384615384615385;0.08;0.0232558139534884;0.0166666666666667
tranvía;0;0.954545454545455;0.961538461538462;0.96;0.976744186046512;0.816666666666667
tranvía;1;0.0454545454545455;0.0384615384615385;0.04;0.0232558139534884;0.183333333333333
turismo;0;0.954545454545455;0.961538461538462;0.96;0.976744186046512;0.9
turismo;1;0.0454545454545455;0.0384615384615385;0.04;0.0232558139534884;0.1
arriurdina;0;0.954545454545455;0.961538461538462;0.96;0.976744186046512;0.966666666666667
arriurdina;1;0.0454545454545455;0.0384615384615385;0.04;0.0232558139534884;0.0333333333333333
carril;0;0.909090909090909;0.961538461538462;0.92;0.976744186046512;0.833333333333333
carril;1;0.0909090909090909;0.0384615384615385;0.08;0.0232558139534884;0.166666666666667
júndiz;0;0.954545454545455;0.923076923076923;0.96;0.976744186046512;0.966666666666667
júndiz;1;0.0454545454545455;0.0769230769230769;0.04;0.0232558139534884;0.0333333333333333
ocupación;0;0.909090909090909;0.961538461538462;0.96;0.976744186046512;0.85
ocupación;1;0.0909090909090909;0.0384615384615385;0.04;0.0232558139534884;0.15
bidegorri;0;0.954545454545455;0.961538461538462;0.96;0.976744186046512;0.966666666666667
bidegorri;1;0.0454545454545455;0.0384615384615385;0.04;0.0232558139534884;0.0333333333333333
paso;0;0.954545454545455;0.961538461538462;0.96;0.976744186046512;0.933333333333333
paso;1;0.0454545454545455;0.0384615384615385;0.04;0.0232558139534884;0.0666666666666667
comer;0;0.909090909090909;0.961538461538462;0.88;0.953488372093023;0.95
comer;1;0.0909090909090909;0.0384615384615385;0.12;0.0465116279069767;0.05
green;0;0.818181818181818;0.884615384615385;0.88;0.976744186046512;0.966666666666667
green;1;0.181818181818182;0.115384615384615;0.12;0.0232558139534884;0.0333333333333333
jardín;0;0.954545454545455;0.961538461538462;0.92;0.930232558139535;0.983333333333333
jardín;1;0.0454545454545455;0.0384615384615385;0.08;0.0697674418604651;0.0166666666666667
menos;0;0.909090909090909;0.961538461538462;0.88;0.953488372093023;0.983333333333333
menos;1;0.0909090909090909;0.0384615384615385;0.12;0.0465116279069767;0.0166666666666667
pasado;0;0.954545454545455;0.961538461538462;0.92;0.976744186046512;0.966666666666667
pasado;1;0.0454545454545455;0.0384615384615385;0.08;0.0232558139534884;0.0333333333333333
tal;0;0.954545454545455;0.961538461538462;0.92;0.953488372093023;0.983333333333333
tal;1;0.0454545454545455;0.0384615384615385;0.08;0.0465116279069767;0.0166666666666667
verano;0;0.954545454545455;0.961538461538462;0.92;0.976744186046512;0.966666666666667
verano;1;0.0454545454545455;0.0384615384615385;0.08;0.0232558139534884;0.0333333333333333
vitoriagasteiz;0;0.818181818181818;0.807692307692308;0.8;0.930232558139535;0.933333333333333
vitoriagasteiz;1;0.181818181818182;0.192307692307692;0.2;0.0697674418604651;0.0666666666666667
alta;0;0.954545454545455;0.961538461538462;0.88;0.976744186046512;0.966666666666667
alta;1;0.0454545454545455;0.0384615384615385;0.12;0.0232558139534884;0.0333333333333333
comunicar;0;0.954545454545455;0.961538461538462;0.88;0.976744186046512;0.983333333333333
comunicar;1;0.0454545454545455;0.0384615384615385;0.12;0.0232558139534884;0.0166666666666667
pesar;0;0.954545454545455;0.961538461538462;0.92;0.930232558139535;0.983333333333333
pesar;1;0.0454545454545455;0.0384615384615385;0.08;0.0697674418604651;0.0166666666666667
plaza;0;0.954545454545455;0.961538461538462;0.92;0.976744186046512;0.933333333333333
plaza;1;0.0454545454545455;0.0384615384615385;0.08;0.0232558139534884;0.0666666666666667
servicio;0;0.909090909090909;0.961538461538462;0.92;0.813953488372093;0.966666666666667
servicio;1;0.0909090909090909;0.0384615384615385;0.08;0.186046511627907;0.0333333333333333
cerrar;0;0.909090909090909;0.961538461538462;0.96;0.976744186046512;0.983333333333333
cerrar;1;0.0909090909090909;0.0384615384615385;0.04;0.0232558139534884;0.0166666666666667
gracia;0;0.863636363636364;0.961538461538462;0.96;0.953488372093023;0.983333333333333
gracia;1;0.136363636363636;0.0384615384615385;0.04;0.0465116279069767;0.0166666666666667
vitoria;0;0.590909090909091;0.615384615384615;0.96;0.837209302325581;0.9
vitoria;1;0.409090909090909;0.384615384615385;0.04;0.162790697674419;0.1
miedo;0;0.909090909090909;0.961538461538462;0.96;0.976744186046512;0.966666666666667
miedo;1;0.0909090909090909;0.0384615384615385;0.04;0.0232558139534884;0.0333333333333333
preguntar;0;0.909090909090909;0.961538461538462;0.96;0.953488372093023;0.983333333333333
preguntar;1;0.0909090909090909;0.0384615384615385;0.04;0.0465116279069767;0.0166666666666667
contrata;0;0.954545454545455;0.961538461538462;0.96;0.906976744186046;0.983333333333333
contrata;1;0.0454545454545455;0.0384615384615385;0.04;0.0930232558139535;0.0166666666666667
limpieza;0;0.954545454545455;0.961538461538462;0.96;0.674418604651163;0.983333333333333
limpieza;1;0.0454545454545455;0.0384615384615385;0.04;0.325581395348837;0.0166666666666667
mundial;0;0.954545454545455;0.923076923076923;0.96;0.953488372093023;0.983333333333333
mundial;1;0.0454545454545455;0.0769230769230769;0.04;0.0465116279069767;0.0166666666666667
urtaran;0;0.909090909090909;0.961538461538462;0.96;0.906976744186046;0.983333333333333
urtaran;1;0.0909090909090909;0.0384615384615385;0.04;0.0930232558139535;0.0166666666666667
accidente;0;0.954545454545455;0.961538461538462;0.96;0.976744186046512;0.933333333333333
accidente;1;0.0454545454545455;0.0384615384615385;0.04;0.0232558139534884;0.0666666666666667
herido;0;0.954545454545455;0.923076923076923;0.96;0.976744186046512;0.95
herido;1;0.0454545454545455;0.0769230769230769;0.04;0.0232558139534884;0.05
lugar;0;0.954545454545455;0.961538461538462;0.92;0.976744186046512;0.966666666666667
lugar;1;0.0454545454545455;0.0384615384615385;0.08;0.0232558139534884;0.0333333333333333
tráfico;0;0.954545454545455;0.923076923076923;0.92;0.976744186046512;0.9
tráfico;1;0.0454545454545455;0.0769230769230769;0.08;0.0232558139534884;0.1
foronda;0;0.954545454545455;0.961538461538462;0.92;0.976744186046512;0.966666666666667
foronda;1;0.0454545454545455;0.0384615384615385;0.08;0.0232558139534884;0.0333333333333333
conducir;0;0.954545454545455;0.923076923076923;0.96;0.976744186046512;0.966666666666667
conducir;1;0.0454545454545455;0.0769230769230769;0.04;0.0232558139534884;0.0333333333333333
parte;0;0.954545454545455;0.923076923076923;0.96;0.976744186046512;0.95
parte;1;0.0454545454545455;0.0769230769230769;0.04;0.0232558139534884;0.05
querer;0;0.909090909090909;0.923076923076923;0.96;0.930232558139535;0.983333333333333
querer;1;0.0909090909090909;0.0769230769230769;0.04;0.0697674418604651;0.0166666666666667
olor;0;0.954545454545455;0.961538461538462;0.92;0.906976744186046;0.983333333333333
olor;1;0.0454545454545455;0.0384615384615385;0.08;0.0930232558139535;0.0166666666666667
pescado;0;0.954545454545455;0.961538461538462;0.96;0.930232558139535;0.983333333333333
pescado;1;0.0454545454545455;0.0384615384615385;0.04;0.0697674418604651;0.0166666666666667
podrir;0;0.954545454545455;0.961538461538462;0.96;0.930232558139535;0.983333333333333
podrir;1;0.0454545454545455;0.0384615384615385;0.04;0.0697674418604651;0.0166666666666667
sansomendi;0;0.954545454545455;0.961538461538462;0.96;0.930232558139535;0.983333333333333
sansomendi;1;0.0454545454545455;0.0384615384615385;0.04;0.0697674418604651;0.0166666666666667
seguir;0;0.909090909090909;0.923076923076923;0.92;0.883720930232558;0.933333333333333
seguir;1;0.0909090909090909;0.0769230769230769;0.08;0.116279069767442;0.0666666666666667
acera;0;0.954545454545455;0.961538461538462;0.84;0.976744186046512;0.983333333333333
acera;1;0.0454545454545455;0.0384615384615385;0.16;0.0232558139534884;0.0166666666666667
bici;0;0.863636363636364;0.923076923076923;0.92;0.976744186046512;0.9
bici;1;0.136363636363636;0.0769230769230769;0.08;0.0232558139534884;0.1
odio;0;0.954545454545455;0.961538461538462;0.92;0.976744186046512;0.966666666666667
odio;1;0.0454545454545455;0.0384615384615385;0.08;0.0232558139534884;0.0333333333333333
persona;0;0.954545454545455;0.961538461538462;0.92;0.976744186046512;0.983333333333333
persona;1;0.0454545454545455;0.0384615384615385;0.08;0.0232558139534884;0.0166666666666667
poner;0;0.954545454545455;0.961538461538462;0.84;0.976744186046512;0.966666666666667
poner;1;0.0454545454545455;0.0384615384615385;0.16;0.0232558139534884;0.0333333333333333
cruzar;0;0.954545454545455;0.961538461538462;0.96;0.976744186046512;0.916666666666667
cruzar;1;0.0454545454545455;0.0384615384615385;0.04;0.0232558139534884;0.0833333333333333
innecesario;0;0.954545454545455;0.961538461538462;0.96;0.976744186046512;0.966666666666667
innecesario;1;0.0454545454545455;0.0384615384615385;0.04;0.0232558139534884;0.0333333333333333
olaguibel;0;0.954545454545455;0.961538461538462;0.96;0.976744186046512;0.966666666666667
olaguibel;1;0.0454545454545455;0.0384615384615385;0.04;0.0232558139534884;0.0333333333333333
semáforo;0;0.954545454545455;0.923076923076923;0.96;0.976744186046512;0.966666666666667
semáforo;1;0.0454545454545455;0.0769230769230769;0.04;0.0232558139534884;0.0333333333333333
tras;0;0.954545454545455;0.846153846153846;0.96;0.976744186046512;0.966666666666667
tras;1;0.0454545454545455;0.153846153846154;0.04;0.0232558139534884;0.0333333333333333
prever;0;0.954545454545455;0.961538461538462;0.96;0.976744186046512;0.966666666666667
prever;1;0.0454545454545455;0.0384615384615385;0.04;0.0232558139534884;0.0333333333333333
autobús;0;0.954545454545455;0.961538461538462;0.92;0.976744186046512;0.95
autobús;1;0.0454545454545455;0.0384615384615385;0.08;0.0232558139534884;0.05
leioa;0;0.954545454545455;0.961538461538462;0.96;0.976744186046512;0.983333333333333
leioa;1;0.0454545454545455;0.0384615384615385;0.04;0.0232558139534884;0.0166666666666667
anillo;0;0.954545454545455;0.961538461538462;0.96;0.930232558139535;0.983333333333333
anillo;1;0.0454545454545455;0.0384615384615385;0.04;0.0697674418604651;0.0166666666666667
papelera;0;0.954545454545455;0.961538461538462;0.92;0.883720930232558;0.983333333333333
papelera;1;0.0454545454545455;0.0384615384615385;0.08;0.116279069767442;0.0166666666666667
pleno;0;0.954545454545455;0.961538461538462;0.92;0.953488372093023;0.983333333333333
pleno;1;0.0454545454545455;0.0384615384615385;0.08;0.0465116279069767;0.0166666666666667
rebosar;0;0.954545454545455;0.961538461538462;0.96;0.930232558139535;0.983333333333333
rebosar;1;0.0454545454545455;0.0384615384615385;0.04;0.0697674418604651;0.0166666666666667
semana;0;0.954545454545455;0.961538461538462;0.96;0.930232558139535;0.983333333333333
semana;1;0.0454545454545455;0.0384615384615385;0.04;0.0697674418604651;0.0166666666666667
suciedad;0;0.954545454545455;0.961538461538462;0.96;0.906976744186046;0.983333333333333
suciedad;1;0.0454545454545455;0.0384615384615385;0.04;0.0930232558139535;0.0166666666666667
verde;0;0.909090909090909;0.961538461538462;0.96;0.930232558139535;0.983333333333333
verde;1;0.0909090909090909;0.0384615384615385;0.04;0.0697674418604651;0.0166666666666667
blanco;0;0.954545454545455;0.884615384615385;0.96;0.976744186046512;0.966666666666667
blanco;1;0.0454545454545455;0.115384615384615;0.04;0.0232558139534884;0.0333333333333333
colegio;0;0.909090909090909;0.961538461538462;0.92;0.976744186046512;0.95
colegio;1;0.0909090909090909;0.0384615384615385;0.08;0.0232558139534884;0.05
paseo;0;0.909090909090909;0.961538461538462;0.96;0.953488372093023;0.983333333333333
paseo;1;0.0909090909090909;0.0384615384615385;0.04;0.0465116279069767;0.0166666666666667
público;0;0.863636363636364;0.961538461538462;0.92;0.953488372093023;0.966666666666667
público;1;0.136363636363636;0.0384615384615385;0.08;0.0465116279069767;0.0333333333333333
zona;0;0.909090909090909;0.961538461538462;0.92;0.953488372093023;0.966666666666667
zona;1;0.0909090909090909;0.0384615384615385;0.08;0.0465116279069767;0.0333333333333333
dos;0;0.954545454545455;0.923076923076923;0.96;0.930232558139535;0.966666666666667
dos;1;0.0454545454545455;0.0769230769230769;0.04;0.0697674418604651;0.0333333333333333
hola;0;0.909090909090909;0.961538461538462;0.96;0.953488372093023;0.983333333333333
hola;1;0.0909090909090909;0.0384615384615385;0.04;0.0465116279069767;0.0166666666666667
marrón;0;0.954545454545455;0.961538461538462;0.96;0.953488372093023;0.983333333333333
marrón;1;0.0454545454545455;0.0384615384615385;0.04;0.0465116279069767;0.0166666666666667
baldosa;0;0.954545454545455;0.961538461538462;0.92;0.976744186046512;0.983333333333333
baldosa;1;0.0454545454545455;0.0384615384615385;0.08;0.0232558139534884;0.0166666666666667
hondura;0;0.954545454545455;0.961538461538462;0.96;0.976744186046512;0.966666666666667
hondura;1;0.0454545454545455;0.0384615384615385;0.04;0.0232558139534884;0.0333333333333333
hoy;0;0.909090909090909;0.961538461538462;0.88;0.976744186046512;0.983333333333333
hoy;1;0.0909090909090909;0.0384615384615385;0.12;0.0232558139534884;0.0166666666666667
piso;0;0.909090909090909;0.961538461538462;0.92;0.976744186046512;0.983333333333333
piso;1;0.0909090909090909;0.0384615384615385;0.08;0.0232558139534884;0.0166666666666667
salida;0;0.954545454545455;0.961538461538462;0.96;0.976744186046512;0.966666666666667
salida;1;0.0454545454545455;0.0384615384615385;0.04;0.0232558139534884;0.0333333333333333
siempre;0;0.954545454545455;0.961538461538462;0.96;0.976744186046512;0.966666666666667
siempre;1;0.0454545454545455;0.0384615384615385;0.04;0.0232558139534884;0.0333333333333333
aparcabicis;0;0.954545454545455;0.923076923076923;0.96;0.976744186046512;0.966666666666667
aparcabicis;1;0.0454545454545455;0.0769230769230769;0.04;0.0232558139534884;0.0333333333333333
pendiente;0;0.954545454545455;0.923076923076923;0.96;0.976744186046512;0.966666666666667
pendiente;1;0.0454545454545455;0.0769230769230769;0.04;0.0232558139534884;0.0333333333333333
robo;0;0.954545454545455;0.846153846153846;0.96;0.976744186046512;0.983333333333333
robo;1;0.0454545454545455;0.153846153846154;0.04;0.0232558139534884;0.0166666666666667
tarea;0;0.954545454545455;0.923076923076923;0.96;0.976744186046512;0.966666666666667
tarea;1;0.0454545454545455;0.0769230769230769;0.04;0.0232558139534884;0.0333333333333333
ayuntamiento;0;0.772727272727273;0.961538461538462;0.96;0.883720930232558;0.983333333333333
ayuntamiento;1;0.227272727272727;0.0384615384615385;0.04;0.116279069767442;0.0166666666666667
bizikleteroak;0;0.954545454545455;0.961538461538462;0.96;0.976744186046512;0.983333333333333
bizikleteroak;1;0.0454545454545455;0.0384615384615385;0.04;0.0232558139534884;0.0166666666666667
situación;0;0.954545454545455;0.961538461538462;0.92;0.976744186046512;0.983333333333333
situación;1;0.0454545454545455;0.0384615384615385;0.08;0.0232558139534884;0.0166666666666667
calidad;0;0.954545454545455;0.961538461538462;0.96;0.976744186046512;0.95
calidad;1;0.0454545454545455;0.0384615384615385;0.04;0.0232558139534884;0.05
mejorar;0;0.954545454545455;0.961538461538462;0.96;0.976744186046512;0.933333333333333
mejorar;1;0.0454545454545455;0.0384615384615385;0.04;0.0232558139534884;0.0666666666666667
transporte;0;0.954545454545455;0.961538461538462;0.96;0.976744186046512;0.95
transporte;1;0.0454545454545455;0.0384615384615385;0.04;0.0232558139534884;0.05
vida;0;0.954545454545455;0.961538461538462;0.96;0.976744186046512;0.95
vida;1;0.0454545454545455;0.0384615384615385;0.04;0.0232558139534884;0.05
cumplir;0;0.954545454545455;0.961538461538462;0.96;0.883720930232558;0.983333333333333
cumplir;1;0.0454545454545455;0.0384615384615385;0.04;0.116279069767442;0.0166666666666667
deber;0;0.954545454545455;0.961538461538462;0.96;0.953488372093023;0.95
deber;1;0.0454545454545455;0.0384615384615385;0.04;0.0465116279069767;0.05
distancia;0;0.954545454545455;0.961538461538462;0.96;0.976744186046512;0.966666666666667
distancia;1;0.0454545454545455;0.0384615384615385;0.04;0.0232558139534884;0.0333333333333333
esperar;0;0.954545454545455;0.961538461538462;0.96;0.976744186046512;0.966666666666667
esperar;1;0.0454545454545455;0.0384615384615385;0.04;0.0232558139534884;0.0333333333333333
talar;0;0.954545454545455;0.961538461538462;0.96;0.976744186046512;0.966666666666667
talar;1;0.0454545454545455;0.0384615384615385;0.04;0.0232558139534884;0.0333333333333333
árbol;0;0.954545454545455;0.961538461538462;0.96;0.976744186046512;0.966666666666667
árbol;1;0.0454545454545455;0.0384615384615385;0.04;0.0232558139534884;0.0333333333333333
accidentar;0;0.954545454545455;0.923076923076923;0.96;0.976744186046512;0.966666666666667
accidentar;1;0.0454545454545455;0.0769230769230769;0.04;0.0232558139534884;0.0333333333333333
local;0;0.954545454545455;0.846153846153846;0.96;0.976744186046512;0.983333333333333
local;1;0.0454545454545455;0.153846153846154;0.04;0.0232558139534884;0.0166666666666667
policía;0;0.954545454545455;0.884615384615385;0.96;0.976744186046512;0.983333333333333
policía;1;0.0454545454545455;0.115384615384615;0.04;0.0232558139534884;0.0166666666666667
tres;0;0.954545454545455;0.807692307692308;0.96;0.953488372093023;0.966666666666667
tres;1;0.0454545454545455;0.192307692307692;0.04;0.0465116279069767;0.0333333333333333
esquina;0;0.954545454545455;0.961538461538462;0.96;0.953488372093023;0.983333333333333
esquina;1;0.0454545454545455;0.0384615384615385;0.04;0.0465116279069767;0.0166666666666667
gris;0;0.954545454545455;0.923076923076923;0.96;0.906976744186046;0.983333333333333
gris;1;0.0454545454545455;0.0769230769230769;0.04;0.0930232558139535;0.0166666666666667
informar;0;0.954545454545455;0.961538461538462;0.96;0.953488372093023;0.983333333333333
informar;1;0.0454545454545455;0.0384615384615385;0.04;0.0465116279069767;0.0166666666666667
baja;0;0.954545454545455;0.961538461538462;0.96;0.953488372093023;0.966666666666667
baja;1;0.0454545454545455;0.0384615384615385;0.04;0.0465116279069767;0.0333333333333333
solo;0;0.954545454545455;0.961538461538462;0.96;0.953488372093023;0.983333333333333
solo;1;0.0454545454545455;0.0384615384615385;0.04;0.0465116279069767;0.0166666666666667
abrir;0;0.954545454545455;0.961538461538462;0.96;0.930232558139535;0.983333333333333
abrir;1;0.0454545454545455;0.0384615384615385;0.04;0.0697674418604651;0.0166666666666667
centro;0;0.863636363636364;0.961538461538462;0.96;0.953488372093023;0.966666666666667
centro;1;0.136363636363636;0.0384615384615385;0.04;0.0465116279069767;0.0333333333333333
civico;0;0.909090909090909;0.961538461538462;0.96;0.953488372093023;0.983333333333333
civico;1;0.0909090909090909;0.0384615384615385;0.04;0.0465116279069767;0.0166666666666667
ciclista;0;0.954545454545455;0.884615384615385;0.96;0.976744186046512;0.966666666666667
ciclista;1;0.0454545454545455;0.115384615384615;0.04;0.0232558139534884;0.0333333333333333
espejo;0;0.954545454545455;0.961538461538462;0.92;0.976744186046512;0.966666666666667
espejo;1;0.0454545454545455;0.0384615384615385;0.08;0.0232558139534884;0.0333333333333333
peatón;0;0.954545454545455;0.961538461538462;0.96;0.976744186046512;0.933333333333333
peatón;1;0.0454545454545455;0.0384615384615385;0.04;0.0232558139534884;0.0666666666666667
proponer;0;0.954545454545455;0.961538461538462;0.96;0.976744186046512;0.966666666666667
proponer;1;0.0454545454545455;0.0384615384615385;0.04;0.0232558139534884;0.0333333333333333
seguridad;0;0.909090909090909;0.961538461538462;0.96;0.976744186046512;0.95
seguridad;1;0.0909090909090909;0.0384615384615385;0.04;0.0232558139534884;0.05
vía;0;0.954545454545455;0.923076923076923;0.96;0.976744186046512;0.966666666666667
vía;1;0.0454545454545455;0.0769230769230769;0.04;0.0232558139534884;0.0333333333333333
mañana;0;0.954545454545455;0.884615384615385;0.96;0.976744186046512;0.983333333333333
mañana;1;0.0454545454545455;0.115384615384615;0.04;0.0232558139534884;0.0166666666666667
bus;0;0.954545454545455;0.961538461538462;0.96;0.976744186046512;0.916666666666667
bus;1;0.0454545454545455;0.0384615384615385;0.04;0.0232558139534884;0.0833333333333333
conductor;0;0.954545454545455;0.923076923076923;0.96;0.976744186046512;0.966666666666667
conductor;1;0.0454545454545455;0.0769230769230769;0.04;0.0232558139534884;0.0333333333333333
mal;0;0.954545454545455;0.961538461538462;0.92;0.976744186046512;0.966666666666667
mal;1;0.0454545454545455;0.0384615384615385;0.08;0.0232558139534884;0.0333333333333333
barrio;0;0.954545454545455;0.961538461538462;0.96;0.953488372093023;0.966666666666667
barrio;1;0.0454545454545455;0.0384615384615385;0.04;0.0465116279069767;0.0333333333333333
parecer;0;0.954545454545455;0.961538461538462;0.96;0.953488372093023;0.966666666666667
parecer;1;0.0454545454545455;0.0384615384615385;0.04;0.0465116279069767;0.0333333333333333
página;0;0.954545454545455;0.961538461538462;0.92;0.953488372093023;0.966666666666667
página;1;0.0454545454545455;0.0384615384615385;0.08;0.0465116279069767;0.0333333333333333
ver;0;0.954545454545455;0.961538461538462;0.96;0.953488372093023;0.95
ver;1;0.0454545454545455;0.0384615384615385;0.04;0.0465116279069767;0.05
movilidad;0;0.954545454545455;0.961538461538462;0.96;0.976744186046512;0.95
movilidad;1;0.0454545454545455;0.0384615384615385;0.04;0.0232558139534884;0.05
urbano;0;0.954545454545455;0.961538461538462;0.92;0.976744186046512;0.966666666666667
urbano;1;0.0454545454545455;0.0384615384615385;0.08;0.0232558139534884;0.0333333333333333
detener;0;0.954545454545455;0.884615384615385;0.96;0.976744186046512;0.983333333333333
detener;1;0.0454545454545455;0.115384615384615;0.04;0.0232558139534884;0.0166666666666667
joven;0;0.954545454545455;0.846153846153846;0.96;0.976744186046512;0.983333333333333
joven;1;0.0454545454545455;0.153846153846154;0.04;0.0232558139534884;0.0166666666666667
menor;0;0.954545454545455;0.846153846153846;0.96;0.976744186046512;0.983333333333333
menor;1;0.0454545454545455;0.153846153846154;0.04;0.0232558139534884;0.0166666666666667
izquierdo;0;0.954545454545455;0.961538461538462;0.96;0.976744186046512;0.933333333333333
izquierdo;1;0.0454545454545455;0.0384615384615385;0.04;0.0232558139534884;0.0666666666666667
detenido;0;0.954545454545455;0.884615384615385;0.96;0.976744186046512;0.983333333333333
detenido;1;0.0454545454545455;0.115384615384615;0.04;0.0232558139534884;0.0166666666666667
panadería;0;0.954545454545455;0.884615384615385;0.96;0.976744186046512;0.983333333333333
panadería;1;0.0454545454545455;0.115384615384615;0.04;0.0232558139534884;0.0166666666666667
robar;0;0.954545454545455;0.807692307692308;0.96;0.976744186046512;0.983333333333333
robar;1;0.0454545454545455;0.192307692307692;0.04;0.0232558139534884;0.0166666666666667
empresa;0;0.954545454545455;0.923076923076923;0.96;0.906976744186046;0.983333333333333
empresa;1;0.0454545454545455;0.0769230769230769;0.04;0.0930232558139535;0.0166666666666667
cepo;0;0.954545454545455;0.846153846153846;0.96;0.976744186046512;0.983333333333333
cepo;1;0.0454545454545455;0.153846153846154;0.04;0.0232558139534884;0.0166666666666667
elorriaga;0;0.954545454545455;0.884615384615385;0.96;0.976744186046512;0.983333333333333
elorriaga;1;0.0454545454545455;0.115384615384615;0.04;0.0232558139534884;0.0166666666666667
huerta;0;0.954545454545455;0.884615384615385;0.96;0.976744186046512;0.983333333333333
huerta;1;0.0454545454545455;0.115384615384615;0.04;0.0232558139534884;0.0166666666666667
ilegal;0;0.954545454545455;0.846153846153846;0.96;0.976744186046512;0.983333333333333
ilegal;1;0.0454545454545455;0.153846153846154;0.04;0.0232558139534884;0.0166666666666667
instalar;0;0.909090909090909;0.884615384615385;0.96;0.976744186046512;0.983333333333333
instalar;1;0.0909090909090909;0.115384615384615;0.04;0.0232558139534884;0.0166666666666667
morir;0;0.954545454545455;0.884615384615385;0.96;0.976744186046512;0.983333333333333
morir;1;0.0454545454545455;0.115384615384615;0.04;0.0232558139534884;0.0166666666666667
zorro;0;0.954545454545455;0.846153846153846;0.96;0.976744186046512;0.983333333333333
zorro;1;0.0454545454545455;0.153846153846154;0.04;0.0232558139534884;0.0166666666666667
homicidio;0;0.954545454545455;0.884615384615385;0.96;0.976744186046512;0.983333333333333
homicidio;1;0.0454545454545455;0.115384615384615;0.04;0.0232558139534884;0.0166666666666667
intento;0;0.954545454545455;0.884615384615385;0.96;0.976744186046512;0.983333333333333
intento;1;0.0454545454545455;0.115384615384615;0.04;0.0232558139534884;0.0166666666666667
sentido;0;0.954545454545455;0.961538461538462;0.96;0.976744186046512;0.983333333333333
sentido;1;0.0454545454545455;0.0384615384615385;0.04;0.0232558139534884;0.0166666666666667
año;0;0.954545454545455;0.961538461538462;0.92;0.976744186046512;0.966666666666667
año;1;0.0454545454545455;0.0384615384615385;0.08;0.0232558139534884;0.0333333333333333
colocar;0;0.954545454545455;0.961538461538462;0.92;0.953488372093023;0.983333333333333
colocar;1;0.0454545454545455;0.0384615384615385;0.08;0.0465116279069767;0.0166666666666667
mismo;0;0.954545454545455;0.961538461538462;0.92;0.953488372093023;0.983333333333333
mismo;1;0.0454545454545455;0.0384615384615385;0.08;0.0465116279069767;0.0166666666666667
cantidad;0;0.954545454545455;0.961538461538462;0.96;0.976744186046512;0.95
cantidad;1;0.0454545454545455;0.0384615384615385;0.04;0.0232558139534884;0.05
callar;0;0.954545454545455;0.961538461538462;0.92;0.953488372093023;0.983333333333333
callar;1;0.0454545454545455;0.0384615384615385;0.08;0.0465116279069767;0.0166666666666667
existir;0;0.954545454545455;0.961538461538462;0.96;0.976744186046512;0.966666666666667
existir;1;0.0454545454545455;0.0384615384615385;0.04;0.0232558139534884;0.0333333333333333
atropellar;0;0.954545454545455;0.961538461538462;0.92;0.976744186046512;0.966666666666667
atropellar;1;0.0454545454545455;0.0384615384615385;0.08;0.0232558139534884;0.0333333333333333
gato;0;0.954545454545455;0.923076923076923;0.92;0.976744186046512;0.983333333333333
gato;1;0.0454545454545455;0.0769230769230769;0.08;0.0232558139534884;0.0166666666666667
basura;0;0.954545454545455;0.961538461538462;0.96;0.86046511627907;0.983333333333333
basura;1;0.0454545454545455;0.0384615384615385;0.04;0.13953488372093;0.0166666666666667
rata;0;0.954545454545455;0.961538461538462;0.96;0.930232558139535;0.983333333333333
rata;1;0.0454545454545455;0.0384615384615385;0.04;0.0697674418604651;0.0166666666666667
concejal;0;0.954545454545455;0.961538461538462;0.96;0.953488372093023;0.983333333333333
concejal;1;0.0454545454545455;0.0384615384615385;0.04;0.0465116279069767;0.0166666666666667
número;0;0.909090909090909;0.961538461538462;0.96;0.953488372093023;0.966666666666667
número;1;0.0909090909090909;0.0384615384615385;0.04;0.0465116279069767;0.0333333333333333
asco;0;0.954545454545455;0.961538461538462;0.96;0.953488372093023;0.983333333333333
asco;1;0.0454545454545455;0.0384615384615385;0.04;0.0465116279069767;0.0166666666666667
encontrar;0;0.954545454545455;0.961538461538462;0.88;0.976744186046512;0.983333333333333
encontrar;1;0.0454545454545455;0.0384615384615385;0.12;0.0232558139534884;0.0166666666666667
resto;0;0.863636363636364;0.961538461538462;0.96;0.953488372093023;0.983333333333333
resto;1;0.136363636363636;0.0384615384615385;0.04;0.0465116279069767;0.0166666666666667
ayuda;0;0.954545454545455;0.923076923076923;0.96;0.976744186046512;0.966666666666667
ayuda;1;0.0454545454545455;0.0769230769230769;0.04;0.0232558139534884;0.0333333333333333
pedir;0;0.954545454545455;0.961538461538462;0.96;0.930232558139535;0.966666666666667
pedir;1;0.0454545454545455;0.0384615384615385;0.04;0.0697674418604651;0.0333333333333333
florido;0;0.954545454545455;0.961538461538462;0.96;0.953488372093023;0.95
florido;1;0.0454545454545455;0.0384615384615385;0.04;0.0465116279069767;0.05
falta;0;0.954545454545455;0.961538461538462;0.92;0.930232558139535;0.983333333333333
falta;1;0.0454545454545455;0.0384615384615385;0.08;0.0697674418604651;0.0166666666666667
ambiente;0;0.909090909090909;0.961538461538462;0.92;0.953488372093023;0.983333333333333
ambiente;1;0.0909090909090909;0.0384615384615385;0.08;0.0465116279069767;0.0166666666666667
bueno;0;0.954545454545455;0.961538461538462;0.96;0.976744186046512;0.95
bueno;1;0.0454545454545455;0.0384615384615385;0.04;0.0232558139534884;0.05
flandes;0;0.954545454545455;0.961538461538462;0.96;0.976744186046512;0.95
flandes;1;0.0454545454545455;0.0384615384615385;0.04;0.0232558139534884;0.05
llevar;0;0.954545454545455;0.961538461538462;0.96;0.976744186046512;0.95
llevar;1;0.0454545454545455;0.0384615384615385;0.04;0.0232558139534884;0.05
tardar;0;0.954545454545455;0.961538461538462;0.96;0.976744186046512;0.95
tardar;1;0.0454545454545455;0.0384615384615385;0.04;0.0232558139534884;0.05
vecino;0;0.954545454545455;0.961538461538462;0.96;0.976744186046512;0.95
vecino;1;0.0454545454545455;0.0384615384615385;0.04;0.0232558139534884;0.05
parada;0;0.954545454545455;0.961538461538462;0.96;0.976744186046512;0.95
parada;1;0.0454545454545455;0.0384615384615385;0.04;0.0232558139534884;0.05
salir;0;0.954545454545455;0.961538461538462;0.96;0.976744186046512;0.95
salir;1;0.0454545454545455;0.0384615384615385;0.04;0.0232558139534884;0.05
cliente;0;0.954545454545455;0.923076923076923;0.96;0.976744186046512;0.966666666666667
cliente;1;0.0454545454545455;0.0769230769230769;0.04;0.0232558139534884;0.0333333333333333
vez;0;0.954545454545455;0.923076923076923;0.92;0.976744186046512;0.966666666666667
vez;1;0.0454545454545455;0.0769230769230769;0.08;0.0232558139534884;0.0333333333333333
evitar;0;0.954545454545455;0.961538461538462;0.96;0.953488372093023;0.983333333333333
evitar;1;0.0454545454545455;0.0384615384615385;0.04;0.0465116279069767;0.0166666666666667
estación;0;0.954545454545455;0.961538461538462;0.92;0.976744186046512;0.983333333333333
estación;1;0.0454545454545455;0.0384615384615385;0.08;0.0232558139534884;0.0166666666666667
vehículo;0;0.954545454545455;0.923076923076923;0.96;0.976744186046512;0.966666666666667
vehículo;1;0.0454545454545455;0.0769230769230769;0.04;0.0232558139534884;0.0333333333333333
derecho;0;0.954545454545455;0.961538461538462;0.96;0.976744186046512;0.933333333333333
derecho;1;0.0454545454545455;0.0384615384615385;0.04;0.0232558139534884;0.0666666666666667
contrato;0;0.954545454545455;0.961538461538462;0.96;0.906976744186046;0.966666666666667
contrato;1;0.0454545454545455;0.0384615384615385;0.04;0.0930232558139535;0.0333333333333333
espacio;0;0.954545454545455;0.961538461538462;0.92;0.976744186046512;0.966666666666667
espacio;1;0.0454545454545455;0.0384615384615385;0.08;0.0232558139534884;0.0333333333333333
viaje;0;0.954545454545455;0.961538461538462;0.96;0.976744186046512;0.95
viaje;1;0.0454545454545455;0.0384615384615385;0.04;0.0232558139534884;0.05
avisar;0;0.954545454545455;0.961538461538462;0.92;0.976744186046512;0.966666666666667
avisar;1;0.0454545454545455;0.0384615384615385;0.08;0.0232558139534884;0.0333333333333333
pensar;0;0.954545454545455;0.923076923076923;0.96;0.976744186046512;0.95
pensar;1;0.0454545454545455;0.0769230769230769;0.04;0.0232558139534884;0.05
beato;0;0.954545454545455;0.961538461538462;0.96;0.976744186046512;0.966666666666667
beato;1;0.0454545454545455;0.0384615384615385;0.04;0.0232558139534884;0.0333333333333333
cerca;0;0.954545454545455;0.961538461538462;0.96;0.976744186046512;0.95
cerca;1;0.0454545454545455;0.0384615384615385;0.04;0.0232558139534884;0.05
corte;0;0.954545454545455;0.961538461538462;0.96;0.976744186046512;0.95
corte;1;0.0454545454545455;0.0384615384615385;0.04;0.0232558139534884;0.05
tomás;0;0.954545454545455;0.961538461538462;0.96;0.976744186046512;0.966666666666667
tomás;1;0.0454545454545455;0.0384615384615385;0.04;0.0232558139534884;0.0333333333333333
zumárraga;0;0.954545454545455;0.961538461538462;0.96;0.976744186046512;0.966666666666667
zumárraga;1;0.0454545454545455;0.0384615384615385;0.04;0.0232558139534884;0.0333333333333333
dgt;0;0.954545454545455;0.961538461538462;0.96;0.976744186046512;0.966666666666667
dgt;1;0.0454545454545455;0.0384615384615385;0.04;0.0232558139534884;0.0333333333333333
dgtaraba;0;0.954545454545455;0.961538461538462;0.96;0.976744186046512;0.966666666666667
dgtaraba;1;0.0454545454545455;0.0384615384615385;0.04;0.0232558139534884;0.0333333333333333
nivel;0;0.954545454545455;0.961538461538462;0.96;0.976744186046512;0.966666666666667
nivel;1;0.0454545454545455;0.0384615384615385;0.04;0.0232558139534884;0.0333333333333333
rojo;0;0.954545454545455;0.961538461538462;0.96;0.976744186046512;0.966666666666667
rojo;1;0.0454545454545455;0.0384615384615385;0.04;0.0232558139534884;0.0333333333333333
terminar;0;0.954545454545455;0.923076923076923;0.96;0.976744186046512;0.983333333333333
terminar;1;0.0454545454545455;0.0769230769230769;0.04;0.0232558139534884;0.0166666666666667
tirar;0;0.954545454545455;0.961538461538462;0.92;0.976744186046512;0.966666666666667
tirar;1;0.0454545454545455;0.0384615384615385;0.08;0.0232558139534884;0.0333333333333333
cada;0;0.954545454545455;0.961538461538462;0.92;0.953488372093023;0.983333333333333
cada;1;0.0454545454545455;0.0384615384615385;0.08;0.0465116279069767;0.0166666666666667
edificio;0;0.954545454545455;0.961538461538462;0.88;0.976744186046512;0.983333333333333
edificio;1;0.0454545454545455;0.0384615384615385;0.12;0.0232558139534884;0.0166666666666667
fiesta;0;0.909090909090909;0.923076923076923;0.92;0.976744186046512;0.983333333333333
fiesta;1;0.0909090909090909;0.0769230769230769;0.08;0.0232558139534884;0.0166666666666667
hora;0;0.954545454545455;0.961538461538462;0.92;0.930232558139535;0.933333333333333
hora;1;0.0454545454545455;0.0384615384615385;0.08;0.0697674418604651;0.0666666666666667
madrugada;0;0.954545454545455;0.961538461538462;0.88;0.976744186046512;0.983333333333333
madrugada;1;0.0454545454545455;0.0384615384615385;0.12;0.0232558139534884;0.0166666666666667
ruido;0;0.954545454545455;0.961538461538462;0.84;0.953488372093023;0.983333333333333
ruido;1;0.0454545454545455;0.0384615384615385;0.16;0.0465116279069767;0.0166666666666667
asumir;0;0.954545454545455;0.961538461538462;0.96;0.930232558139535;0.983333333333333
asumir;1;0.0454545454545455;0.0384615384615385;0.04;0.0697674418604651;0.0166666666666667
directo;0;0.954545454545455;0.961538461538462;0.96;0.837209302325581;0.983333333333333
directo;1;0.0454545454545455;0.0384615384615385;0.04;0.162790697674419;0.0166666666666667
gestión;0;0.954545454545455;0.961538461538462;0.96;0.86046511627907;0.983333333333333
gestión;1;0.0454545454545455;0.0384615384615385;0.04;0.13953488372093;0.0166666666666667
nuevo;0;0.954545454545455;0.923076923076923;0.96;0.953488372093023;0.983333333333333
nuevo;1;0.0454545454545455;0.0769230769230769;0.04;0.0465116279069767;0.0166666666666667
posible;0;0.954545454545455;0.961538461538462;0.96;0.930232558139535;0.983333333333333
posible;1;0.0454545454545455;0.0384615384615385;0.04;0.0697674418604651;0.0166666666666667
cuándo;0;0.954545454545455;0.923076923076923;0.96;0.976744186046512;0.966666666666667
cuándo;1;0.0454545454545455;0.0769230769230769;0.04;0.0232558139534884;0.0333333333333333
acumulación;0;0.954545454545455;0.961538461538462;0.96;0.930232558139535;0.983333333333333
acumulación;1;0.0454545454545455;0.0384615384615385;0.04;0.0697674418604651;0.0166666666666667
salburua;0;0.909090909090909;0.961538461538462;0.96;0.953488372093023;0.983333333333333
salburua;1;0.0909090909090909;0.0384615384615385;0.04;0.0465116279069767;0.0166666666666667
paloma;0;0.954545454545455;0.961538461538462;0.96;0.930232558139535;0.983333333333333
paloma;1;0.0454545454545455;0.0384615384615385;0.04;0.0697674418604651;0.0166666666666667
campo;0;0.954545454545455;0.961538461538462;0.96;0.953488372093023;0.966666666666667
campo;1;0.0454545454545455;0.0384615384615385;0.04;0.0465116279069767;0.0333333333333333
casco;0;0.909090909090909;0.961538461538462;0.96;0.976744186046512;0.983333333333333
casco;1;0.0909090909090909;0.0384615384615385;0.04;0.0232558139534884;0.0166666666666667
viejo;0;0.909090909090909;0.961538461538462;0.92;0.976744186046512;0.983333333333333
viejo;1;0.0909090909090909;0.0384615384615385;0.08;0.0232558139534884;0.0166666666666667
plataforma;0;0.954545454545455;0.961538461538462;0.96;0.976744186046512;0.95
plataforma;1;0.0454545454545455;0.0384615384615385;0.04;0.0232558139534884;0.05
debe;0;0.909090909090909;0.961538461538462;0.96;0.953488372093023;0.983333333333333
debe;1;0.0909090909090909;0.0384615384615385;0.04;0.0465116279069767;0.0166666666666667
palacio;0;0.909090909090909;0.961538461538462;0.92;0.976744186046512;0.983333333333333
palacio;1;0.0909090909090909;0.0384615384615385;0.08;0.0232558139534884;0.0166666666666667
carretera;0;0.954545454545455;0.961538461538462;0.96;0.976744186046512;0.966666666666667
carretera;1;0.0454545454545455;0.0384615384615385;0.04;0.0232558139534884;0.0333333333333333
capital;0;0.909090909090909;0.923076923076923;0.96;0.976744186046512;0.983333333333333
capital;1;0.0909090909090909;0.0769230769230769;0.04;0.0232558139534884;0.0166666666666667
medio;0;0.954545454545455;0.961538461538462;0.88;0.953488372093023;0.983333333333333
medio;1;0.0454545454545455;0.0384615384615385;0.12;0.0465116279069767;0.0166666666666667
fcc;0;0.954545454545455;0.961538461538462;0.96;0.906976744186046;0.983333333333333
fcc;1;0.0454545454545455;0.0384615384615385;0.04;0.0930232558139535;0.0166666666666667
rescindir;0;0.954545454545455;0.961538461538462;0.96;0.930232558139535;0.983333333333333
rescindir;1;0.0454545454545455;0.0384615384615385;0.04;0.0697674418604651;0.0166666666666667
cuerda;0;0.954545454545455;0.961538461538462;0.96;0.976744186046512;0.966666666666667
cuerda;1;0.0454545454545455;0.0384615384615385;0.04;0.0232558139534884;0.0333333333333333
haberse;0;0.954545454545455;0.961538461538462;0.96;0.976744186046512;0.966666666666667
haberse;1;0.0454545454545455;0.0384615384615385;0.04;0.0232558139534884;0.0333333333333333
lovaina;0;0.954545454545455;0.961538461538462;0.96;0.976744186046512;0.95
lovaina;1;0.0454545454545455;0.0384615384615385;0.04;0.0232558139534884;0.05
quedar;0;0.954545454545455;0.961538461538462;0.96;0.976744186046512;0.966666666666667
quedar;1;0.0454545454545455;0.0384615384615385;0.04;0.0232558139534884;0.0333333333333333
alguno;0;0.954545454545455;0.961538461538462;0.96;0.930232558139535;0.966666666666667
alguno;1;0.0454545454545455;0.0384615384615385;0.04;0.0697674418604651;0.0333333333333333
altura;0;0.954545454545455;0.961538461538462;0.92;0.953488372093023;0.983333333333333
altura;1;0.0454545454545455;0.0384615384615385;0.08;0.0465116279069767;0.0166666666666667
euskadi;0;0.954545454545455;0.923076923076923;0.96;0.953488372093023;0.983333333333333
euskadi;1;0.0454545454545455;0.0769230769230769;0.04;0.0465116279069767;0.0166666666666667
avda;0;0.954545454545455;0.961538461538462;0.96;0.953488372093023;0.966666666666667
avda;1;0.0454545454545455;0.0384615384615385;0.04;0.0465116279069767;0.0333333333333333
gasteiz;0;0.954545454545455;0.961538461538462;0.96;0.906976744186046;0.966666666666667
gasteiz;1;0.0454545454545455;0.0384615384615385;0.04;0.0930232558139535;0.0333333333333333
puntual;0;0.954545454545455;0.961538461538462;0.96;0.976744186046512;0.933333333333333
puntual;1;0.0454545454545455;0.0384615384615385;0.04;0.0232558139534884;0.0666666666666667
bildu;0;0.954545454545455;0.961538461538462;0.96;0.930232558139535;0.983333333333333
bildu;1;0.0454545454545455;0.0384615384615385;0.04;0.0697674418604651;0.0166666666666667
irabazi;0;0.954545454545455;0.961538461538462;0.96;0.930232558139535;0.983333333333333
irabazi;1;0.0454545454545455;0.0384615384615385;0.04;0.0697674418604651;0.0166666666666667
podar;0;0.954545454545455;0.961538461538462;0.96;0.906976744186046;0.966666666666667
podar;1;0.0454545454545455;0.0384615384615385;0.04;0.0930232558139535;0.0333333333333333
cívico;0;0.909090909090909;0.961538461538462;0.92;0.976744186046512;0.983333333333333
cívico;1;0.0909090909090909;0.0384615384615385;0.08;0.0232558139534884;0.0166666666666667
zabalgana;0;0.909090909090909;0.923076923076923;0.96;0.976744186046512;0.983333333333333
zabalgana;1;0.0909090909090909;0.0769230769230769;0.04;0.0232558139534884;0.0166666666666667
entrada;0;0.909090909090909;0.961538461538462;0.92;0.976744186046512;0.983333333333333
entrada;1;0.0909090909090909;0.0384615384615385;0.08;0.0232558139534884;0.0166666666666667
américa;0;0.954545454545455;0.961538461538462;0.96;0.976744186046512;0.966666666666667
américa;1;0.0454545454545455;0.0384615384615385;0.04;0.0232558139534884;0.0333333333333333
latinar;0;0.954545454545455;0.961538461538462;0.96;0.976744186046512;0.966666666666667
latinar;1;0.0454545454545455;0.0384615384615385;0.04;0.0232558139534884;0.0333333333333333
ley;0;0.909090909090909;0.961538461538462;0.96;0.976744186046512;0.983333333333333
ley;1;0.0909090909090909;0.0384615384615385;0.04;0.0232558139534884;0.0166666666666667
sorprender;0;0.954545454545455;0.923076923076923;0.96;0.976744186046512;0.983333333333333
sorprender;1;0.0454545454545455;0.0769230769230769;0.04;0.0232558139534884;0.0166666666666667
trabajador;0;0.954545454545455;0.961538461538462;0.96;0.930232558139535;0.983333333333333
trabajador;1;0.0454545454545455;0.0384615384615385;0.04;0.0697674418604651;0.0166666666666667
sala;0;0.909090909090909;0.961538461538462;0.96;0.976744186046512;0.983333333333333
sala;1;0.0909090909090909;0.0384615384615385;0.04;0.0232558139534884;0.0166666666666667
ciudad;0;0.863636363636364;0.961538461538462;0.96;0.976744186046512;0.95
ciudad;1;0.136363636363636;0.0384615384615385;0.04;0.0232558139534884;0.05
ahorrar;0;0.954545454545455;0.961538461538462;0.96;0.930232558139535;0.983333333333333
ahorrar;1;0.0454545454545455;0.0384615384615385;0.04;0.0697674418604651;0.0166666666666667
coste;0;0.954545454545455;0.961538461538462;0.96;0.930232558139535;0.983333333333333
coste;1;0.0454545454545455;0.0384615384615385;0.04;0.0697674418604651;0.0166666666666667
exigir;0;0.954545454545455;0.961538461538462;0.96;0.906976744186046;0.983333333333333
exigir;1;0.0454545454545455;0.0384615384615385;0.04;0.0930232558139535;0.0166666666666667
hecho;0;0.954545454545455;0.961538461538462;0.96;0.976744186046512;0.966666666666667
hecho;1;0.0454545454545455;0.0384615384615385;0.04;0.0232558139534884;0.0333333333333333
cómo;0;0.954545454545455;0.961538461538462;0.96;0.976744186046512;0.983333333333333
cómo;1;0.0454545454545455;0.0384615384615385;0.04;0.0232558139534884;0.0166666666666667
saber;0;0.909090909090909;0.923076923076923;0.96;0.976744186046512;0.983333333333333
saber;1;0.0909090909090909;0.0769230769230769;0.04;0.0232558139534884;0.0166666666666667
koldo;0;0.954545454545455;0.961538461538462;0.92;0.953488372093023;0.983333333333333
koldo;1;0.0454545454545455;0.0384615384615385;0.08;0.0465116279069767;0.0166666666666667
mitxelena;0;0.954545454545455;0.961538461538462;0.92;0.953488372093023;0.983333333333333
mitxelena;1;0.0454545454545455;0.0384615384615385;0.08;0.0465116279069767;0.0166666666666667
deja;0;0.954545454545455;0.961538461538462;0.96;0.976744186046512;0.95
deja;1;0.0454545454545455;0.0384615384615385;0.04;0.0232558139534884;0.05
luego;0;0.954545454545455;0.961538461538462;0.96;0.976744186046512;0.95
luego;1;0.0454545454545455;0.0384615384615385;0.04;0.0232558139534884;0.05
minuto;0;0.954545454545455;0.961538461538462;0.96;0.976744186046512;0.966666666666667
minuto;1;0.0454545454545455;0.0384615384615385;0.04;0.0232558139534884;0.0333333333333333
metro;0;0.954545454545455;0.961538461538462;0.96;0.953488372093023;0.983333333333333
metro;1;0.0454545454545455;0.0384615384615385;0.04;0.0465116279069767;0.0166666666666667
pintar;0;0.954545454545455;0.923076923076923;0.96;0.976744186046512;0.966666666666667
pintar;1;0.0454545454545455;0.0769230769230769;0.04;0.0232558139534884;0.0333333333333333
usar;0;0.954545454545455;0.961538461538462;0.96;0.976744186046512;0.966666666666667
usar;1;0.0454545454545455;0.0384615384615385;0.04;0.0232558139534884;0.0333333333333333
generar;0;0.954545454545455;0.923076923076923;0.92;0.976744186046512;0.983333333333333
generar;1;0.0454545454545455;0.0769230769230769;0.08;0.0232558139534884;0.0166666666666667
solicitar;0;0.954545454545455;0.961538461538462;0.92;0.953488372093023;0.983333333333333
solicitar;1;0.0454545454545455;0.0384615384615385;0.08;0.0465116279069767;0.0166666666666667
durar;0;0.954545454545455;0.961538461538462;0.96;0.953488372093023;0.983333333333333
durar;1;0.0454545454545455;0.0384615384615385;0.04;0.0465116279069767;0.0166666666666667
iquest;0;0.954545454545455;0.961538461538462;0.96;0.953488372093023;0.983333333333333
iquest;1;0.0454545454545455;0.0384615384615385;0.04;0.0465116279069767;0.0166666666666667
